experiment_id,dataset,model,random_seed,n_test_samples_full,n_real_fhe_samples,max_depth,n_estimators,n_bits,n_latency_repeats,python_version,platform,concrete_ml_version,concrete_python_version,numpy_version,pandas_version,sklearn_version,xgboost_version,compile_time_s,simulate_time_full_s,acc_fhe_simulate_full,f1_fhe_simulate_full,acc_fhe_real_subsample,f1_fhe_real_subsample,agreement_simulate_vs_real,latency_fhe_mean_s,latency_fhe_std_s,latency_ci95_low_s,latency_ci95_high_s,memory_peak_rss_mb
Spambase_DT_fhe,Spambase,DT,42,921,30,4,,5,3,3.12.13,Linux-6.12.90+-x86_64-with-glibc2.35,1.9.0,2.10.0,1.26.4,2.2.2,1.5.0,1.6.2,1.511,9.7096,0.8708,0.8692,0.9,0.899,1.0,1.6273,0.1666,1.2136,2.0411,2022.54
Spambase_RF_fhe,Spambase,RF,42,921,30,4,15.0,5,3,3.12.13,Linux-6.12.90+-x86_64-with-glibc2.35,1.9.0,2.10.0,1.26.4,2.2.2,1.5.0,1.6.2,1.5598,10.9711,0.874,0.8714,0.8,0.7917,1.0,15.8941,0.2332,15.3147,16.4735,2466.94
Spambase_XGB_fhe,Spambase,XGB,42,921,30,4,15.0,5,3,3.12.13,Linux-6.12.90+-x86_64-with-glibc2.35,1.9.0,2.10.0,1.26.4,2.2.2,1.5.0,1.6.2,1.5529,10.8571,0.9207,0.9205,0.9,0.899,1.0,14.8062,0.0644,14.6462,14.9663,2468.52
WDBC_DT_fhe,WDBC,DT,42,114,30,4,,5,3,3.12.13,Linux-6.12.90+-x86_64-with-glibc2.35,1.9.0,2.10.0,1.26.4,2.2.2,1.5.0,1.6.2,1.4769,2.3059,0.9123,0.9127,0.8667,0.8667,1.0,1.4238,0.1698,1.0019,1.8457,2468.52
WDBC_RF_fhe,WDBC,RF,42,114,30,4,15.0,5,3,3.12.13,Linux-6.12.90+-x86_64-with-glibc2.35,1.9.0,2.10.0,1.26.4,2.2.2,1.5.0,1.6.2,1.4967,2.4395,0.9561,0.956,0.9333,0.9333,1.0,13.3508,0.0828,13.145,13.5566,2468.52
WDBC_XGB_fhe,WDBC,XGB,42,114,30,4,15.0,5,3,3.12.13,Linux-6.12.90+-x86_64-with-glibc2.35,1.9.0,2.10.0,1.26.4,2.2.2,1.5.0,1.6.2,1.5269,2.499,0.9474,0.9474,0.9667,0.9666,1.0,11.1204,0.0127,11.0887,11.152,2468.52
Adult_DT_fhe,Adult,DT,42,9769,30,4,,5,3,3.12.13,Linux-6.12.90+-x86_64-with-glibc2.35,1.9.0,2.10.0,1.26.4,2.2.2,1.5.0,1.6.2,1.6687,89.9688,0.8454,0.8349,0.7333,0.7129,1.0,1.5623,0.0147,1.5258,1.5988,2468.52
Adult_RF_fhe,Adult,RF,42,9769,30,4,15.0,5,3,3.12.13,Linux-6.12.90+-x86_64-with-glibc2.35,1.9.0,2.10.0,1.26.4,2.2.2,1.5.0,1.6.2,1.5141,102.8121,0.8405,0.8229,0.7333,0.7129,1.0,17.5324,0.0571,17.3906,17.6743,2468.52
Adult_XGB_fhe,Adult,XGB,42,9769,30,4,15.0,5,3,3.12.13,Linux-6.12.90+-x86_64-with-glibc2.35,1.9.0,2.10.0,1.26.4,2.2.2,1.5.0,1.6.2,1.5623,103.847,0.8569,0.8476,0.7333,0.7129,1.0,17.4533,0.0125,17.4224,17.4843,2468.52
Pima_DT_fhe,Pima,DT,42,154,30,4,,5,3,3.12.13,Linux-6.12.90+-x86_64-with-glibc2.35,1.9.0,2.10.0,1.26.4,2.2.2,1.5.0,1.6.2,1.4827,2.6673,0.7532,0.7559,0.7333,0.7333,1.0,1.5416,0.0013,1.5385,1.5447,2468.52
Pima_RF_fhe,Pima,RF,42,154,30,4,15.0,5,3,3.12.13,Linux-6.12.90+-x86_64-with-glibc2.35,1.9.0,2.10.0,1.26.4,2.2.2,1.5.0,1.6.2,1.4752,2.8164,0.7273,0.7159,0.6333,0.6229,1.0,16.419,0.1232,16.113,16.7249,2468.52
Pima_XGB_fhe,Pima,XGB,42,154,30,4,15.0,5,3,3.12.13,Linux-6.12.90+-x86_64-with-glibc2.35,1.9.0,2.10.0,1.26.4,2.2.2,1.5.0,1.6.2,1.567,2.895,0.7792,0.7771,0.7333,0.7321,1.0,13.5771,0.0606,13.4264,13.7277,2468.52
Heart_DT_fhe,Heart,DT,42,60,30,4,,5,3,3.12.13,Linux-6.12.90+-x86_64-with-glibc2.35,1.9.0,2.10.0,1.26.4,2.2.2,1.5.0,1.6.2,1.4775,1.8093,0.7667,0.7659,0.7,0.6997,1.0,1.5429,0.0071,1.5252,1.5605,2468.52
Heart_RF_fhe,Heart,RF,42,60,30,4,15.0,5,3,3.12.13,Linux-6.12.90+-x86_64-with-glibc2.35,1.9.0,2.10.0,1.26.4,2.2.2,1.5.0,1.6.2,1.4706,1.9139,0.8167,0.8143,0.7333,0.7222,1.0,15.4701,0.087,15.254,15.6863,2468.52
Heart_XGB_fhe,Heart,XGB,42,60,30,4,15.0,5,3,3.12.13,Linux-6.12.90+-x86_64-with-glibc2.35,1.9.0,2.10.0,1.26.4,2.2.2,1.5.0,1.6.2,1.7554,1.9539,0.8333,0.8318,0.7667,0.76,1.0,15.0533,0.0933,14.8216,15.2851,2468.52
