dataset,model,epsilon,delta,sigma,acc_no_dp,acc_dp_mean,acc_dp_std
WDBC,DT,0.1,1e-05,48.4481,0.9211,0.4671,0.0429
WDBC,DT,1.0,1e-05,4.8448,0.9211,0.507,0.0441
WDBC,DT,10.0,1e-05,0.4845,0.9211,0.8539,0.0247
WDBC,RF,0.1,1e-05,48.4481,0.9561,0.4667,0.0428
WDBC,RF,1.0,1e-05,4.8448,0.9561,0.5048,0.0453
WDBC,RF,10.0,1e-05,0.4845,0.9561,0.8654,0.0285
Pima,DT,0.1,1e-05,48.4481,0.7922,0.5347,0.0413
Pima,DT,1.0,1e-05,4.8448,0.7922,0.5455,0.0424
Pima,DT,10.0,1e-05,0.4845,0.7922,0.688,0.0252
Pima,RF,0.1,1e-05,48.4481,0.7403,0.5344,0.0424
Pima,RF,1.0,1e-05,4.8448,0.7403,0.5412,0.043
Pima,RF,10.0,1e-05,0.4845,0.7403,0.6425,0.0311
