dataset,model,acc_plain,f1_plain,inf_plain_ms,inf_plain_std_ms,acc_fhe_sim,f1_fhe_sim,acc_fhe_real,f1_fhe_real,agreement,latency_s,latency_std_s,ci_low_s,ci_high_s,memory_mb,simulate_time_s,compile_time_s,delta_acc,overhead_ratio
Spambase,DT,0.899,0.8981,0.0003,0.0001,0.8708,0.8692,0.9,0.899,1.0,1.6273,0.1666,1.2136,2.0411,2022.54,9.7096,1.511,-0.028200000000000003,5424333.333333333
Spambase,RF,0.9131,0.9123,0.0052,0.0003,0.874,0.8714,0.8,0.7917,1.0,15.8941,0.2332,15.3147,16.4735,2466.94,10.9711,1.5598,-0.039100000000000024,3056557.6923076925
Spambase,XGB,0.949,0.949,0.0037,0.0002,0.9207,0.9205,0.9,0.899,1.0,14.8062,0.0644,14.6462,14.9663,2468.52,10.8571,1.5529,-0.028299999999999992,4001675.6756756757
WDBC,DT,0.9211,0.9216,0.0014,0.0007,0.9123,0.9127,0.8667,0.8667,1.0,1.4238,0.1698,1.0019,1.8457,2468.52,2.3059,1.4769,-0.00880000000000003,1017000.0
WDBC,RF,0.9561,0.956,0.0219,0.0008,0.9561,0.956,0.9333,0.9333,1.0,13.3508,0.0828,13.145,13.5566,2468.52,2.4395,1.4967,0.0,609625.5707762557
WDBC,XGB,0.9561,0.9558,0.0428,0.0111,0.9474,0.9474,0.9667,0.9666,1.0,11.1204,0.0127,11.0887,11.152,2468.52,2.499,1.5269,-0.00869999999999993,259822.42990654206
Adult,DT,0.8559,0.8463,0.0001,0.0,0.8454,0.8349,0.7333,0.7129,1.0,1.5623,0.0147,1.5258,1.5988,2468.52,89.9688,1.6687,-0.010499999999999954,15622999.999999998
Adult,RF,0.854,0.8399,0.0028,0.0,0.8405,0.8229,0.7333,0.7129,1.0,17.5324,0.0571,17.3906,17.6743,2468.52,,1.0,-0.013499999999999956,6261571.428571428
Adult,XGB,0.8777,0.8732,0.0008,0.0,0.8569,0.8476,0.7333,0.7129,1.0,17.4533,0.0125,17.4224,17.4843,2468.52,,1.0,-0.02080000000000004,21816624.999999996
Pima,DT,0.7922,0.7922,0.001,0.0002,0.7532,0.7559,0.7333,0.7333,1.0,1.5416,0.0013,1.5385,1.5447,2468.52,,1.0,-0.039000000000000035,1541600.0000000002
Pima,RF,0.7403,0.7294,0.0185,0.0013,0.7273,0.7159,0.6333,0.6229,1.0,16.419,0.1232,16.113,16.7249,2468.52,,1.0,-0.013000000000000012,887513.5135135136
Pima,XGB,0.7662,0.7662,0.0172,0.0005,0.7792,0.7771,0.7333,0.7321,1.0,13.5771,0.0606,13.4264,13.7277,2468.52,,1.0,0.013000000000000012,789366.2790697673
Heart,DT,0.7,0.6917,0.0018,0.0002,0.7667,0.7659,0.7,0.6997,1.0,1.5429,0.0071,1.5252,1.5605,2468.52,,1.0,0.06670000000000009,857166.6666666666
Heart,RF,0.8167,0.8156,0.0398,0.0014,0.8167,0.8143,0.7333,0.7222,1.0,15.4701,0.087,15.254,15.6863,2468.52,,1.0,0.0,388695.97989949747
Heart,XGB,0.85,0.8491,0.0436,0.0012,0.8333,0.8318,0.7667,0.76,1.0,15.0533,0.0933,14.8216,15.2851,2468.52,,1.0,-0.016699999999999937,345259.1743119266
