experiment_id,dataset,model,random_seed,n_test_samples,max_depth,n_estimators,n_bits,python_version,platform,concrete_ml_version,concrete_python_version,numpy_version,pandas_version,sklearn_version,xgboost_version,acc_plain,f1_plain,train_time_s,inf_time_plain_mean_s,inf_time_plain_std_s,n_latency_repeats,acc_fhe_simulate_full,f1_fhe_simulate_full,acc_fhe_real_subsample,f1_fhe_real_subsample,agreement_simulate_vs_real,latency_fhe_mean_s,latency_fhe_std_s,latency_ci95_low_s,latency_ci95_high_s,memory_peak_rss_mb,n_real_fhe_samples,n_latency_repeats_fhe,compile_time_s,delta_acc_fhe_minus_plain,overhead_ratio
Spambase_DT_plain,Spambase,DT,42,921,5,,,3.12.13,Linux-6.12.90+-x86_64-with-glibc2.35,1.9.0,2.10.0,1.26.4,2.2.2,1.5.0,1.6.2,0.899,0.8981,0.0338,0.0,0.0,10,0.8708,0.8692,0.9,0.899,1.0,1.6273,0.1666,1.2136,2.0411,2022.54,30,3,1.511,-0.0282,inf
Spambase_RF_plain,Spambase,RF,42,921,5,50.0,,3.12.13,Linux-6.12.90+-x86_64-with-glibc2.35,1.9.0,2.10.0,1.26.4,2.2.2,1.5.0,1.6.2,0.9131,0.9123,0.2344,6e-06,0.0,10,0.874,0.8714,0.8,0.7917,1.0,15.8941,0.2332,15.3147,16.4735,2466.94,30,3,1.5598,-0.0391,2649017.0
Spambase_XGB_plain,Spambase,XGB,42,921,5,50.0,,3.12.13,Linux-6.12.90+-x86_64-with-glibc2.35,1.9.0,2.10.0,1.26.4,2.2.2,1.5.0,1.6.2,0.949,0.949,0.4681,4e-06,0.0,10,0.9207,0.9205,0.9,0.899,1.0,14.8062,0.0644,14.6462,14.9663,2468.52,30,3,1.5529,-0.0283,3701550.0
WDBC_DT_plain,WDBC,DT,42,114,5,,,3.12.13,Linux-6.12.90+-x86_64-with-glibc2.35,1.9.0,2.10.0,1.26.4,2.2.2,1.5.0,1.6.2,0.9211,0.9216,0.0101,1e-06,0.0,10,0.9123,0.9127,0.8667,0.8667,1.0,1.4238,0.1698,1.0019,1.8457,2468.52,30,3,1.4769,-0.0088,1423800.0
WDBC_RF_plain,WDBC,RF,42,114,5,50.0,,3.12.13,Linux-6.12.90+-x86_64-with-glibc2.35,1.9.0,2.10.0,1.26.4,2.2.2,1.5.0,1.6.2,0.9561,0.956,0.1289,2.2e-05,1e-06,10,0.9561,0.956,0.9333,0.9333,1.0,13.3508,0.0828,13.145,13.5566,2468.52,30,3,1.4967,0.0,606855.0
WDBC_XGB_plain,WDBC,XGB,42,114,5,50.0,,3.12.13,Linux-6.12.90+-x86_64-with-glibc2.35,1.9.0,2.10.0,1.26.4,2.2.2,1.5.0,1.6.2,0.9561,0.9558,0.2258,2.5e-05,1e-06,10,0.9474,0.9474,0.9667,0.9666,1.0,11.1204,0.0127,11.0887,11.152,2468.52,30,3,1.5269,-0.0087,444816.0
Adult_DT_plain,Adult,DT,42,9769,5,,,3.12.13,Linux-6.12.90+-x86_64-with-glibc2.35,1.9.0,2.10.0,1.26.4,2.2.2,1.5.0,1.6.2,0.8559,0.8463,0.0945,0.0,0.0,10,0.8454,0.8349,0.7333,0.7129,1.0,1.5623,0.0147,1.5258,1.5988,2468.52,30,3,1.6687,-0.0105,inf
Adult_RF_plain,Adult,RF,42,9769,5,50.0,,3.12.13,Linux-6.12.90+-x86_64-with-glibc2.35,1.9.0,2.10.0,1.26.4,2.2.2,1.5.0,1.6.2,0.854,0.8399,1.0296,2e-06,0.0,10,0.8405,0.8229,0.7333,0.7129,1.0,17.5324,0.0571,17.3906,17.6743,2468.52,30,3,1.5141,-0.0135,8766200.0
Adult_XGB_plain,Adult,XGB,42,9769,5,50.0,,3.12.13,Linux-6.12.90+-x86_64-with-glibc2.35,1.9.0,2.10.0,1.26.4,2.2.2,1.5.0,1.6.2,0.8777,0.8732,1.1022,1e-06,0.0,10,0.8569,0.8476,0.7333,0.7129,1.0,17.4533,0.0125,17.4224,17.4843,2468.52,30,3,1.5623,-0.0208,17453300.0
Pima_DT_plain,Pima,DT,42,154,5,,,3.12.13,Linux-6.12.90+-x86_64-with-glibc2.35,1.9.0,2.10.0,1.26.4,2.2.2,1.5.0,1.6.2,0.7922,0.7922,0.0032,1e-06,0.0,10,0.7532,0.7559,0.7333,0.7333,1.0,1.5416,0.0013,1.5385,1.5447,2468.52,30,3,1.4827,-0.039,1541600.0
Pima_RF_plain,Pima,RF,42,154,5,50.0,,3.12.13,Linux-6.12.90+-x86_64-with-glibc2.35,1.9.0,2.10.0,1.26.4,2.2.2,1.5.0,1.6.2,0.7403,0.7294,0.0942,1.7e-05,0.0,10,0.7273,0.7159,0.6333,0.6229,1.0,16.419,0.1232,16.113,16.7249,2468.52,30,3,1.4752,-0.013,965824.0
Pima_XGB_plain,Pima,XGB,42,154,5,50.0,,3.12.13,Linux-6.12.90+-x86_64-with-glibc2.35,1.9.0,2.10.0,1.26.4,2.2.2,1.5.0,1.6.2,0.7662,0.7662,0.2247,1.9e-05,1e-06,10,0.7792,0.7771,0.7333,0.7321,1.0,13.5771,0.0606,13.4264,13.7277,2468.52,30,3,1.567,0.013,714584.0
Heart_DT_plain,Heart,DT,42,60,5,,,3.12.13,Linux-6.12.90+-x86_64-with-glibc2.35,1.9.0,2.10.0,1.26.4,2.2.2,1.5.0,1.6.2,0.7,0.6917,0.0025,2e-06,1e-06,10,0.7667,0.7659,0.7,0.6997,1.0,1.5429,0.0071,1.5252,1.5605,2468.52,30,3,1.4775,0.0667,771450.0
Heart_RF_plain,Heart,RF,42,60,5,50.0,,3.12.13,Linux-6.12.90+-x86_64-with-glibc2.35,1.9.0,2.10.0,1.26.4,2.2.2,1.5.0,1.6.2,0.8167,0.8156,0.0724,4.2e-05,7e-06,10,0.8167,0.8143,0.7333,0.7222,1.0,15.4701,0.087,15.254,15.6863,2468.52,30,3,1.4706,0.0,368336.0
Heart_XGB_plain,Heart,XGB,42,60,5,50.0,,3.12.13,Linux-6.12.90+-x86_64-with-glibc2.35,1.9.0,2.10.0,1.26.4,2.2.2,1.5.0,1.6.2,0.85,0.8491,0.2688,7.6e-05,7.5e-05,10,0.8333,0.8318,0.7667,0.76,1.0,15.0533,0.0933,14.8216,15.2851,2468.52,30,3,1.7554,-0.0167,198070.0
